{
  "best_params": {
    "clf__max_depth": 5,
    "clf__n_estimators": 50
  },
  "metrics": {
    "accuracy": 0.9333333333333333,
    "precision": 0.9333333333333333,
    "recall": 0.9333333333333333,
    "f1": 0.9333333333333333,
    "roc_auc": 0.9900000000000001
  },
  "saved_at": "2026-04-17T05:43:04.966973Z"
}